{
  "urls": [
    "public/ludumDare43/sounds/audioSprite.ogg",
    "public/ludumDare43/sounds/audioSprite.m4a",
    "public/ludumDare43/sounds/audioSprite.mp3",
    "public/ludumDare43/sounds/audioSprite.ac3"
  ],
  "sprite": {
    "engine001": [
      0,
      1000
    ],
    "goat": [
      2000,
      709.5011337868482
    ],
    "goat001": [
      4000,
      1764.7165532879817
    ],
    "hurt001": [
      7000,
      167.0068027210885
    ],
    "lazer": [
      9000,
      153.67346938775484
    ],
    "pickup001": [
      11000,
      382.1541950113385
    ],
    "pickup002": [
      13000,
      444.4671201814057
    ],
    "pickup003": [
      15000,
      594.8979591836743
    ],
    "slowdown001": [
      17000,
      5294.126984126983
    ],
    "smash001": [
      24000,
      258.68480725623755
    ]
  }
}
