{
  "urls": [
    "public/ludumDare43/sounds/audioSprite.ogg",
    "public/ludumDare43/sounds/audioSprite.m4a",
    "public/ludumDare43/sounds/audioSprite.mp3",
    "public/ludumDare43/sounds/audioSprite.ac3"
  ],
  "sprite": {
    "hatoff001": [
      0,
      264.05895691609976
    ],
    "hatoff002": [
      2000,
      524.331065759637
    ],
    "hatthrow001": [
      4000,
      388.9115646258503
    ],
    "hurt001": [
      6000,
      167.0068027210885
    ],
    "invinc001": [
      8000,
      353.4240362811794
    ],
    "jump001": [
      10000,
      283.56009070294874
    ],
    "pickup001": [
      12000,
      382.1541950113385
    ],
    "pickup002": [
      14000,
      444.4671201814057
    ],
    "pickup003": [
      16000,
      594.8979591836725
    ],
    "smash001": [
      18000,
      258.68480725623755
    ]
  }
}
