{
  "urls": [
    "public/ludumDare43/sounds/audioSprite.ogg",
    "public/ludumDare43/sounds/audioSprite.m4a",
    "public/ludumDare43/sounds/audioSprite.mp3",
    "public/ludumDare43/sounds/audioSprite.ac3"
  ],
  "sprite": {
    "goat001": [
      0,
      8823.537414965987
    ],
    "hatoff001": [
      10000,
      264.0589569161005
    ],
    "hatoff002": [
      12000,
      524.3310657596378
    ],
    "hatthrow001": [
      14000,
      388.9115646258503
    ],
    "hurt001": [
      16000,
      167.0068027210867
    ],
    "invinc001": [
      18000,
      353.4240362811794
    ],
    "jump001": [
      20000,
      283.56009070294874
    ],
    "pickup001": [
      22000,
      382.1541950113385
    ],
    "pickup002": [
      24000,
      444.46712018140744
    ],
    "pickup003": [
      26000,
      594.8979591836725
    ],
    "smash001": [
      28000,
      258.68480725623755
    ]
  }
}
