{
  "urls": [
    "public/ludumDare43/sounds/audioSprite.ogg",
    "public/ludumDare43/sounds/audioSprite.m4a",
    "public/ludumDare43/sounds/audioSprite.mp3",
    "public/ludumDare43/sounds/audioSprite.ac3"
  ],
  "sprite": {
    "engine001": [
      0,
      1000
    ],
    "goat001": [
      2000,
      1764.7165532879817
    ],
    "hatoff001": [
      5000,
      264.0589569160996
    ],
    "hatoff002": [
      7000,
      524.331065759637
    ],
    "hatthrow001": [
      9000,
      388.9115646258503
    ],
    "hurt001": [
      11000,
      167.0068027210885
    ],
    "invinc001": [
      13000,
      353.4240362811794
    ],
    "jump001": [
      15000,
      283.56009070294874
    ],
    "pickup001": [
      17000,
      382.1541950113385
    ],
    "pickup002": [
      19000,
      444.46712018140744
    ],
    "pickup003": [
      21000,
      594.8979591836725
    ],
    "slowdown001": [
      23000,
      5294.126984126983
    ],
    "smash001": [
      30000,
      258.68480725623755
    ]
  }
}
