{
  "urls": [
    "public/sounds/audioSprite.ogg",
    "public/sounds/audioSprite.m4a",
    "public/sounds/audioSprite.mp3",
    "public/sounds/audioSprite.ac3"
  ],
  "sprite": {
    "hurt001": [
      0,
      167.00680272108846
    ],
    "pickup001": [
      2000,
      382.1541950113376
    ],
    "pickup002": [
      4000,
      444.4671201814057
    ],
    "pickup003": [
      6000,
      594.8979591836734
    ],
    "smash001": [
      8000,
      258.6848072562358
    ]
  }
}
